title,artist,album,genre,amg_mood,octant_2007,hevner_2007,mode,harmony,tempo,rhythm,loudness,lyrics_octant
Analogue Bubblebath 1,Aphex Twin,Classics,Electronica,Clinical,Pleasure,playful,46.5640,86.3636,49.2075,34.5369,47.9812,Pleasure
Sundown,Gordon Lightfoot,Gord's Gold,Rock,Laid-Back,Relaxation,graceful,56.9300,87.5000,40.9975,67.3117,45.4168,Depression
Clint Eastwood,Gorillaz,Gorillaz,Rock,Playful,Sleepiness,sentimental,49.9606,82.3765,27.3466,59.2236,65.4655,Pleasure
Surfin' U.S.A.,The Beach Boys,Endless Summer,Rock,Good-Natured,Depression,spiritual,54.3388,69.4524,74.2662,69.8930,49.7442,Relaxation
Sunday Bloody Sunday,U2,War,Rock,Reverent,Excitement,bright,55.1657,81.0700,95.2431,57.5088,65.7602,Arousal
I Want You Back,The Jackson 5,The Jackson Five's Greatest Hits,R&B,Energetic,Sleepiness,sentimental,43.5520,79.0941,36.6703,45.3913,61.8563,Depression
Highway to Hell,AC/DC,Highway to Hell,Rock,Thuggish,Excitement,cheerful,66.4348,77.9070,46.7775,58.6162,46.0762,Displeasure
Come to Daddy,Aphex Twin,Come to Daddy,Electronica,Freakish,Sleepiness,sentimental,49.2611,75.6208,25.8807,37.0568,59.1538,Pleasure
Purple Haze,Jimi Hendrix,The Ultimate Experience,Rock,Freewheeling,Excitement,bright,50.0703,75.8030,44.7956,57.7978,57.0220,Distress
Cherish,The Association,Greatest Hits,Rock,Springlike,Arousal,exhilarated,32.5497,70.9046,45.1325,68.4643,53.6423,Arousal
Pride (In the Name of Love),U2,Rattle and Hum,Rock,Rousing,Excitement,cheerful,63.7832,84.5000,44.6281,51.8370,46.2542,Excitement
Money,Pink Floyd,The Dark Side Of The Moon,Rock,Sarcastic,Distress,agitated,43.5494,74.5955,57.4356,61.2332,48.0150,Arousal
Can't Help Falling In Love,Elvis Presley,In Person,Rock,Sensual,Pleasure,playful,48.2072,83.3333,58.9950,62.6993,32.8300,Excitement
Come As You Are,Nirvana,Nevermind,Rock,Urgent,Depression,serious,44.5573,81.0458,13.4521,68.3954,56.4407,Arousal
Castles Made of Sand,Jimi Hendrix,The Ultimate Experience,Rock,Reflective,Distress,agitated,48.6983,70.5078,69.7763,48.3724,44.5232,Pleasure
El Scorcho,Weezer,Pinkerton,Rock,Playful,Arousal,exciting,54.9902,74.0891,67.5906,58.1718,66.5365,Pleasure
Positively 4th Street,Bob Dylan,Biograph,Rock,Snide,Excitement,cheerful,59.9581,77.3292,43.7231,60.2964,45.1640,Distress
Get Up Stand Up,Bob Marley,Legend,Reggae,Organic,Sleepiness,dreamy,39.7975,75.4690,24.3416,51.2293,45.4195,Pleasure
Planet Rock,Afrika Bambaataa,Planet Rock,Rap,Street-Smart,Arousal,dramatic,46.6722,68.7773,14.7594,59.3719,57.0382,Excitement
Deutschland (Has Gotta Die!),Atari Teenage Riot,"Burn, Berlin, Burn!",Electronica,Harsh,Depression,vigorous,47.7032,71.7073,70.2237,43.1991,64.7963,Arousal
Space Oddity,David Bowie,Space Oddity,Rock,Campy,Excitement,cheerful,50.6257,75.3343,60.3900,58.5247,38.4630,Arousal
Raspberry Beret,Prince,"The Hits, The B-Sides",Rock,Whimsical,Excitement,happy,55.4180,77.3109,12.6501,61.7668,51.3568,Relaxation
The Rockafeller Skank,Fatboy Slim,You've Come a Long Way Baby,Electronica,Giddy,Arousal,dramatic,49.6624,73.9846,22.4997,55.7608,65.3808,Distress
Sexx Laws,Beck,Midnite Vultures,Rock,Effervescent,Excitement,happy,52.1146,75.5474,17.0471,63.1178,71.2283,Pleasure
We Will Rock You,Queen,Greatest Hits,Rock,Rousing,Depression,vigorous,46.3415,70.4698,75.5744,60.7607,57.8315,Distress
Like A Rolling Stone,Bob Dylan,Greatest Hits,Rock,Sarcastic,Excitement,bright,73.6276,84.8933,93.6038,53.0755,59.8593,Distress
Hard To Explain,The Strokes,Is This It?,Rock,Crunchy,Excitement,bright,54.3186,78.0899,78.2062,64.7239,64.6245,Pleasure
Kool Thing,Sonic Youth,Goo,Rock,Detached,Distress,angry,53.2468,68.6154,22.5557,50.4186,65.0713,Distress
God Save The Queen,Sex Pistols,Never Mind the Bolloks,Rock,Outrageous,Relaxation,graceful,71.6522,90.6915,67.2850,68.7229,48.4437,Distress
I Still Haven't Found What I'm Looking For,U2,THE JOSHUA TREE,Rock,Sardonic,Relaxation,graceful,66.6667,85.0829,100.1050,71.7262,46.6562,Arousal
Everything in its Right Place,Radiohead,Kid A,Rock,Atmospheric,Depression,vigorous,47.4843,73.3154,52.2544,49.3191,51.3393,Distress
Dance to the music,Sly & The Family Stone,Greatest Hits [Epic],R&B,Celebratory,Excitement,cheerful,52.3810,77.7518,54.8937,63.0311,40.1320,Pleasure
Woo Hah!,Busta Rhymes,The Coming,Rap,Manic,Arousal,dramatic,42.2745,71.9767,3.8048,52.3746,63.4877,Displeasure
Disarm,Smashing Pumpkins,Siamese Dream,Rock,Somber,Excitement,cheerful,53.8278,75.3521,55.1769,43.3013,49.6125,Pleasure
Eutow,Autechre,Tri Repetae++,Electronica,Detached,Distress,agitated,35.3545,72.3632,55.7494,48.2946,42.6142,Pleasure
Man-Size,PJ Harvey,Rid Of Me,Rock,Brittle,Relaxation,graceful,52.5038,87.5289,55.7494,84.9606,25.5393,Arousal
Lucifer,Bob Seger,Greatest Hits,Rock,Hungry,Relaxation,graceful,51.3514,79.8817,51.9044,75.8982,35.3030,Pleasure
The End,The Doors,The Doors,Rock,Theatrical,Excitement,cheerful,54.3373,85.9613,41.0769,37.2380,28.9010,Pleasure
Across the Great Divide,The Band,The Band,Rock,Nostalgic,Excitement,cheerful,53.1056,76.3218,72.3863,59.7231,45.0332,Depression
Just the Way you Are,Billy Joel,The Stranger,Rock,Light,Excitement,cheerful,57.2864,75.1295,60.3900,54.3014,47.1580,Sleepiness
Today,Smashing Pumpkins,Siamese Dream,Rock,Precious,Excitement,bright,68.1818,85.3035,78.8206,64.1404,53.4112,Pleasure
Rabbit in Your Headlights,U.N.K.L.E.,Psyence Fiction,Electronica,Paranoid,Arousal,exciting,51.0166,72.4515,41.3963,35.8025,55.6062,Distress
O Caroline,Matching Mole,Matching Mole,Rock,Indulgent,Relaxation,graceful,55.1895,81.9712,42.5394,66.0294,36.8130,Pleasure
White Lines,Grandmaster Flash & The Furious Five,The Message,Rap,Tense,Arousal,exciting,57.5058,74.6490,48.4087,55.5995,50.1373,Pleasure
Me Myself And I,De La Soul,3 Feet High And Rising,Rap,Wry,Displeasure,yearning,37.6577,61.8834,10.8887,64.8257,42.5633,Distress
Spice Up Your Life,Spice Girls,Spice World,Rock,Spicy,Depression,vigorous,36.1355,71.5074,51.9044,53.1366,68.5242,Sleepiness
It Ain't Over 'Til It's Over,Lenny Kravitz,Mama Said,Rock,Reverent,Distress,angry,50.4950,74.4565,24.9284,55.0094,55.0625,Pleasure
All Apologies,Nirvana,In Utero,Rock,Visceral,Arousal,triumphant,58.7209,70.8171,45.2169,65.7513,52.5852,Pleasure
Holiday,Madonna,Madonna,Rock,Fun,Relaxation,serene,55.1365,75.3018,11.0574,64.5984,44.8435,Pleasure
I Think I Love You,The Partridge Family,"Come On, Get Happy",Rock,Innocent,Depression,majestic,59.1954,74.2647,38.7000,66.7052,43.9865,Relaxation
People Everyday,Arrested Development,"3 Years, 5 Months & 2 Days in the Life Of...",Rap,Earnest,Arousal,dramatic,31.2023,73.8686,31.8659,59.8944,56.5580,Displeasure
Communication Breakdown,Led Zeppelin,Led Zeppelin I,Rock,Aggressive,Excitement,happy,56.0178,80.0000,29.5224,55.3424,60.7058,Arousal
Can't Stand Losing You,The Police,Message In A Box: The Complete Recordings,Rock,Anxious,Sleepiness,sentimental,40.4558,81.3853,19.9151,64.8151,57.3203,Depression
Everybody Knows,Leonard Cohen,More Best of Leonard Cohen,Rock,Reserved,Displeasure,yearning,45.1295,73.5043,7.6067,56.6733,46.7565,Relaxation
Love Me Two Times,The Doors,Best Of The Doors,Rock,Swaggering,Excitement,cheerful,55.8456,87.8327,98.0469,54.3205,38.6468,Arousal
Are The Good Times Really Over,Merle Haggard,20 Greatest Hits,Country,Nostalgic,Excitement,cheerful,71.2446,76.3066,56.3306,54.4223,29.5785,Displeasure
"Monday, Monday",The Mamas & The Papas,Greatest Hits,Rock,Peaceful,Excitement,cheerful,63.3929,76.6917,43.7231,60.9912,49.8713,Pleasure
Viva Las Vegas,Elvis Presley,[Double Feature] Viva Las Vegas - Roustabout,Rock,Rollicking,Excitement,cheerful,52.3517,84.1379,64.6137,36.9097,43.3608,Arousal
(Theme From) The Monkees,The Monkees,The Greatest Hits Of The Monkees,Rock,Cheerful,Distress,angry,54.2857,73.1861,27.9505,55.6118,55.1043,Distress
Down On The Corner,Creedence Clearwater Revival,The Best Of Creedence Clearwater Revival,Rock,Lively,Excitement,cheerful,65.3088,84.5758,40.8387,46.9951,36.8487,Pleasure
"Good, The Bad, And The Ugly",Ennio Morricone,Once Upon A Time In The West,Soundtrack,Sparse,Distress,restless,51.2573,68.3824,48.0594,33.7386,37.1878,Pleasure
9 To 5,Dolly Parton,The Ultimate Dolly Parton,Country,Amiable,Relaxation,serene,58.9124,84.0909,37.9700,59.8799,48.3053,Pleasure
I Want To Hold Your Hand,The Beatles,1,Rock,Gleeful,Excitement,bright,65.4054,83.8196,55.7494,59.3566,57.8035,Pleasure
"Shine On You Crazy Diamond, Parts 1-5",Pink Floyd,Wish You Were Here,Rock,Epic,Displeasure,yearning,35.5850,72.3363,19.9694,29.9306,46.0808,Depression
The Robots,Kraftwerk,The Mix,Electronica,Reserved,Depression,vigorous,34.6102,66.3265,46.7775,50.1948,67.1085,Distress
A Teenager In Love,Dion And The Belmonts,Street Corner Serenade : Great,Rock,Naive,Distress,tense,51.4834,71.2644,24.8099,42.1728,42.2810,Pleasure
When I'm Sixty-Four,The Beatles,Sgt. Pepper's Lonely Hearts Club Band,Rock,Precious,Depression,spiritual,52.1341,69.0283,62.8362,74.2998,36.1190,Arousal
Folsom Prison Blues,Johnny Cash,The Legendary,Country,Rebellious,Relaxation,graceful,65.1079,87.1866,42.2912,73.2790,38.1515,Distress
Justify My Love,Madonna,The Immaculate Collection,Rock,Sentimental,Distress,tense,54.0670,69.1799,6.2698,54.1564,49.5465,Pleasure
Be My Yoko Ono,Barenaked Ladies,All Their Greatest Hits 1991-2001,Rock,Silly,Excitement,bright,57.9330,79.9582,48.4087,59.1653,70.0453,Depression
Dive,Nirvana,Incesticide,Rock,Aggressive,Depression,vigorous,41.2127,64.0835,54.4256,64.4511,53.1645,Pleasure
Action Time Vision,Alternative TV,Action Time Vision: The ATV Anthology,Rock,Messy,Excitement,joyous,57.7629,87.4598,67.1800,79.6526,54.5443,Pleasure
She Don't Use Jelly,The Flaming Lips,She Don't Use Jelly,Rock,Whimsical,Arousal,exciting,51.0204,68.5333,82.2831,48.7121,51.7892,Depression
Lost Cause,Beck,Sea Change,Rock,Atmospheric,Excitement,happy,50.0701,76.8916,12.6963,57.6310,56.4767,Depression
Helpless,"Crosby, Stills, Nash & Young",Déjà Vu,Rock,Wistful,Excitement,cheerful,74.2616,82.8125,46.7775,35.8218,45.1610,Arousal
Rid of me,PJ Harvey,Rid of me,Rock,Uncompromising,Relaxation,serene,57.5668,84.4920,14.5277,60.5166,15.7742,Arousal
Jeremy,Pearl Jam,Ten,Rock,Angst-Ridden,Pleasure,humorous,47.8357,75.1645,41.3162,63.1100,56.4042,Arousal
Baby Please Don't Go,Muddy Waters,"His Best, 1947 to 1955",Blues,Gritty,Arousal,exhilarated,46.1386,67.9943,93.2163,74.2669,54.9643,Depression
Summer's Cauldron,XTC,Skylarking (remastered),Rock,Pastoral,Distress,angry,54.7022,68.7500,37.1150,48.7897,55.7343,Displeasure
Miss Misery,Elliott Smith,Good Will Hunting,Rock,Weary,Pleasure,humorous,46.9340,78.5489,51.7219,22.2879,51.9958,Pleasure
Respectable,The Rolling Stones,Some Girls,Rock,Hedonistic,Excitement,joyous,65.0160,88.5027,69.7763,68.8983,51.6825,Pleasure
Bone Machine,Pixies,Wave Of Mutilation: Best Of Pixies,Rock,Exciting,Excitement,cheerful,51.9520,81.9413,47.7994,64.1660,48.0425,Excitement
Bike,Autechre,Incunabula,Electronica,Trippy,Pleasure,humorous,37.2850,82.4065,53.2681,44.4538,55.4400,Pleasure
How Sweet It Is (To Be Loved By You),Marvin Gaye,Motown's Greatest Hits,R&B,Joyous,Arousal,exciting,54.9242,74.9097,43.8856,58.2203,53.8623,Pleasure
I can't get it out of my head,ELO,Best Of,Rock,Dramatic,Excitement,cheerful,70.4819,80.5405,76.9169,58.3438,38.2640,Distress
Layla,Eric Clapton,Unplugged,Rock,Relaxed,Pleasure,playful,46.7727,75.2224,63.7569,62.1431,49.3490,Arousal
Margaritaville,Jimmy Buffet,Songs You Know By Heart,Rock,Lazy,Relaxation,graceful,66.1130,82.3232,53.1450,71.0313,36.7452,Pleasure
Delirious,Prince,"The Hits, The B-Sides",Rock,Exuberant,Relaxation,serene,52.1595,79.9431,6.0949,58.4954,48.2730,Arousal
California Dreamin',The Mamas & The Papas,Greatest Hits,Rock,Sad,Arousal,sensational,45.7895,79.7101,45.2975,68.2847,50.7520,Excitement
No Surprises,Radiohead,OK Computer,Rock,Reflective,Arousal,exciting,54.5639,70.5882,68.3969,51.0841,55.5857,Excitement
Which Side Are You On?,Pete Seeger,If I Had a Hammer: Songs of Hope & Struggle,Rock,Outraged,Pleasure,playful,48.7898,82.4121,80.5300,48.1286,41.5123,Displeasure
The Night They Drove Old Dixie Down,The Band,The Band,Rock,Wistful,Excitement,cheerful,52.8105,84.9421,53.1131,49.7198,35.4128,Distress
Wandering Star,Portishead,Dummy,Rock,Ethereal,Depression,vigorous,44.9612,73.7817,74.8962,59.2962,60.8112,Pleasure
The Lonesome Death of Hattie Carroll,Bob Dylan,Biograph,Rock,Outraged,Distress,agitated,46.9010,73.6650,60.4888,26.4100,47.9435,Arousal
A Change Is Gonna Come,Sam Cooke,The Man And His Music,R&B,Sophisticated,Pleasure,playful,42.7245,77.9621,82.5381,22.7554,40.2850,Depression
Da Funk,Daft Punk,Homework,Electronica,Stylish,Pleasure,humorous,49.3220,86.2518,45.2169,56.6704,64.8223,Arousal
Freewill,Rush,Exit...Stage Left,Rock,Elaborate,Relaxation,graceful,64.6392,79.7003,71.9381,68.6381,49.0868,Pleasure
Dark Star,Grateful Dead,What A Long Strange Trip It's Been,Rock,Spacey,Displeasure,yearning,47.2763,68.7657,39.5994,34.9772,38.0363,Arousal
One Love/People Get Ready,Bob Marley,Legend,Reggae,Soothing,Relaxation,serene,62.5369,78.9691,23.2087,54.1295,42.6953,Arousal
Rooster,Alice In Chains,MTV Unplugged,Rock,Distraught,Distress,restless,57.2859,73.0829,63.9694,38.8058,49.9058,Arousal
Death Valley '69,Sonic Youth,Screaming Fields of Sonic Love,Rock,Visceral,Depression,vigorous,48.8584,70.7672,55.0350,62.4916,52.1037,Sleepiness
Them Bones,Alice In Chains,Dirt,Rock,Nihilistic,Excitement,bright,56.5836,84.1558,77.2387,45.2760,69.6208,Distress
B.O.B.,Outkast,Stankonia,Rap,Brash,Arousal,dramatic,35.2740,61.1940,22.9510,56.9168,71.2958,Distress
Hunter,Björk,Homogenic,Rock,Stately,Arousal,exciting,51.0981,72.1992,59.1938,22.6307,63.5320,Depression
Hitchin' A Ride,Green Day,Nimrod,Rock,Ironic,Excitement,bright,53.7666,75.8893,74.8962,52.0476,71.3020,Excitement
Digeridoo,Aphex Twin,Classics,Electronica,Circular,Depression,vigorous,23.7888,50.4164,65.3494,42.4878,57.6170,Pleasure
Bring The Noise,Public Enemy,It Takes A Nation Of Millions To Hold Us Back,Rap,Tense,Depression,vigorous,36.8421,63.2399,43.9675,43.7651,63.9245,Relaxation
A Case Of You,Joni Mitchell,Blue,Rock,Plaintive,Relaxation,serene,64.9697,77.6224,39.0719,48.1072,49.3220,Arousal
Alone Again (Naturally),Gilbert O'Sullivan,The Very Best Of,Rock,Soft,Displeasure,yearning,32.4575,64.9299,29.0906,54.6728,44.9383,Excitement
Chelsea Morning,Joni Mitchell,For The Roses,Rock,Intimate,Excitement,bright,63.3333,81.6199,84.2262,33.2596,56.0975,Distress
Crazy in Love,Beyoncé,Dangerously In Love,R&B,Spicy,Sleepiness,sentimental,48.5485,82.6021,37.5444,47.3947,65.6483,Depression
Dear Mr. Fantasy,Traffic,Mr. Fantasy,Rock,Trippy,Arousal,exciting,58.0374,74.2025,76.6700,53.7046,61.3035,Pleasure
Amelia,Joni Mitchell,Hejira,Rock,Bittersweet,Excitement,cheerful,61.4098,80.1681,47.7994,38.8608,27.1478,Displeasure
Sober,Tool,Undertow,Rock,Suffocating,Relaxation,serene,51.8788,81.5466,22.7243,53.9678,41.3003,Depression
Karma Police,Radiohead,OK Computer,Rock,Enigmatic,Excitement,bright,59.8793,79.9172,66.4144,51.0333,59.8010,Displeasure
God Only Knows,The Beach Boys,California Gold The Very Best Of,Rock,Delicate,Pleasure,humorous,48.2490,76.2667,49.2075,35.9119,52.7677,Pleasure
I want to take you higher,Sly & The Family Stone,Greatest Hits [Epic],R&B,Exuberant,Distress,tense,52.4528,70.8380,38.7744,62.3195,43.9947,Pleasure
Silly Love Songs,Paul Mccartney & Wings,Wings Over America,Rock,Light,Relaxation,graceful,52.6706,77.6549,52.8306,73.0812,46.1787,Pleasure
if you're feeling sinister,Belle & Sebastian,If You're Feeling Sinister,Rock,Wry,Distress,restless,63.4146,67.6980,54.8937,52.3145,45.3675,Displeasure
Brain Damage,Pink Floyd,The Dark Side Of The Moon,Rock,Paranoid,Distress,restless,57.3427,65.1899,58.0225,36.6766,35.1597,Excitement
All Blues,Miles Davis,Kind of Blue,Jazz,Complex,Distress,agitated,40.4577,68.5461,57.1500,44.1377,36.4767,Pleasure
Fortunate Son,Creedence Clearwater Revival,The Best Of Creedence Clearwater Revival,Rock,Fiery,Distress,restless,65.2941,74.5152,57.8200,57.6236,38.3198,Pleasure
Bob George,Prince,The Black Album,Rock,Freakish,Distress,agitated,32.4612,59.1078,43.1587,45.8086,41.4537,Pleasure
All Out of Love,Air Supply,More Than a Feeling,Rock,Calm,Excitement,cheerful,58.5174,83.8480,41.9631,55.6332,49.0007,Distress
Overcome,Tricky,Maxinquaye,Electronica,Spooky,Arousal,dramatic,43.3679,59.3567,26.4207,62.6778,55.0325,Distress
Green River,Creedence Clearwater Revival,The Best Of Creedence Clearwater Revival,Rock,Rustic,Relaxation,graceful,60.3015,79.8450,62.8125,67.0456,36.4363,Displeasure
Rhiannon,Fleetwood Mac,The Dance,Rock,Mellow,Pleasure,humorous,47.7190,78.2730,53.7800,59.8741,54.9173,Distress
Up on Cripple Creek,The Band,The Band,Rock,Rustic,Arousal,soaring,43.9959,71.2057,64.7219,66.8576,48.5185,Pleasure
Punk,Gorillaz,Gorillaz,Rock,Rambunctious,Arousal,dramatic,43.7500,74.5562,23.2952,42.5909,61.5802,Arousal
Can't Go Wrong Without You,His Name Is Alive,Last Night,Rock,Unsettling,Displeasure,yearning,47.1921,62.9879,32.0668,41.7856,36.5413,Arousal
There's No Business Like Show Business,Ethel Merman,Annie Get Your Gun,Vocal,Brassy,Arousal,exciting,53.9344,72.1022,59.0513,11.7539,51.0727,Displeasure
Nature Boy,Nat King Cole,The Greatest Hits,Vocal,Mannered,Distress,agitated,33.9450,53.7118,77.7200,28.5644,29.1915,Depression
The Rain Song,Led Zeppelin,Led Zeppelin [Box Set],Rock,Dreamy,Distress,restless,61.8661,65.2857,66.8475,46.7081,43.7367,Arousal
Abba Zaba,Captain Beefheart,Safe as Milk,Rock,Eccentric,Pleasure,humorous,45.8333,81.0345,90.2144,43.0816,59.1887,Excitement
Sussudio,Phil Collins,QCD,Rock,Slick,Pleasure,humorous,49.3470,83.5971,50.9994,50.9812,58.9287,Distress
Takin Care of Business,Bachman-Turner Overdrive,Greatest & Latest,Rock,Rowdy,Excitement,cheerful,55.9653,81.3864,55.7494,64.7940,45.4487,Pleasure
The Weight,The Band,Music From Big Pink,Rock,Earthy,Excitement,cheerful,56.3588,83.8772,65.1575,61.3748,42.0347,Sleepiness
I'll Come Running,Brian Eno,Another Green World,Rock,Insular,Excitement,cheerful,60.1626,77.4319,52.6969,53.5698,42.5832,Arousal
Love Shack,The B-52's,Sounds Of The '80s: The Rockin' Eighties,Rock,Fun,Pleasure,humorous,48.5127,80.6843,57.9213,62.2688,55.3803,Pleasure
Block Rockin' Beats,Chemical Brothers,Dig Your Own Hole,Electronica,Party,Depression,vigorous,46.3397,68.8976,43.0794,54.8884,76.1945,Arousal
Christiansands,Tricky,Pre-Millennium Tension,Electronica,Menacing,Excitement,happy,52.3144,79.3447,31.0895,53.3106,59.1992,Distress
A Hard Day's Night,The Beatles,A Hard Day's Night,Rock,Lively,Excitement,bright,66.1074,83.8542,60.6138,51.3284,62.2020,Distress
Girls Just Want to Have Fun,Cyndi Lauper,Time After Time: The Best Of,Rock,Cheerful,Excitement,happy,58.8583,80.3672,12.5579,60.7018,58.2003,Pleasure
Candy Girl,New Edition,One Love,Rock,Sugary,Excitement,happy,55.3118,78.5820,39.8281,45.4076,50.9937,Arousal
Fight For Your Right,Beastie Boys,Licensed To Ill,Rap,Boisterous,Excitement,joyous,51.4006,76.0626,58.3056,68.1561,51.6548,Pleasure
In Bloom,Nirvana,Nevermind,Rock,Volatile,Excitement,joyous,57.3333,81.0247,72.4056,67.6030,57.1262,Pleasure
Smells Like Teen Spirit,Nirvana,Nevermind,Rock,Angst-Ridden,Excitement,bright,62.4506,85.1190,48.4087,62.6508,56.9580,Pleasure
Mr. Tambourine Man,Bob Dylan,Greatest Hits,Rock,Literate,Excitement,happy,61.8166,78.0928,30.1646,23.7916,50.8378,Pleasure
Proud Mary,Creedence Clearwater Revival,The Best Of Creedence Clearwater Revival,Rock,Earthy,Relaxation,graceful,59.4262,88.6667,50.1156,73.9011,41.9612,Arousal
NYC,Interpol,Interpol,Rock,Searching,Excitement,bright,65.0502,89.6552,68.9631,60.7335,67.6332,Arousal
Freak On A Leash,Korn,Follow The Leader,Rock,Bleak,Arousal,exciting,61.4085,69.3431,42.4569,48.8285,63.6720,Pleasure
Brown Sugar,D'Angelo,Brown Sugar,R&B,Self-Conscious,Arousal,dramatic,44.1640,62.6385,1.0159,63.2664,55.5817,Pleasure
Wild World,Cat Stevens,Tea for the Tillerman,Rock,Mellow,Excitement,cheerful,68.8259,83.5821,68.5094,61.9682,40.8413,Pleasure
Wicked Game,Chris Isaak,Wicked Game,Rock,Melancholy,Relaxation,delicate,51.3081,76.4588,10.2294,65.4368,40.4915,Arousal
Rhymin & Stealin,Beastie Boys,Licensed To Ill,Rap,Bravado,Arousal,dramatic,31.1012,54.7862,22.7243,59.4460,52.6248,Displeasure
Blue Monday,New Order,International,Rock,Refined,Excitement,bright,51.7664,75.9666,55.7494,63.0235,69.2128,Sleepiness
"Can't Get Enough of Your Love, Babe",Barry White,The Ultimate Collection,R&B,Sexy,Excitement,bright,54.9889,80.3859,43.2956,62.2994,66.1743,Pleasure
Jenny Ondioline,Stereolab,"Jenny Ondioline, Pt. 1 [EP]",Rock,Cerebral,Relaxation,graceful,84.6667,93.8776,64.7219,65.7033,49.9975,Arousal
Southern Man,Neil Young,After The Goldrush,Rock,Hostile,Pleasure,playful,43.0954,76.9009,72.9969,58.1404,43.1057,Pleasure
Stir It Up,Bob Marley,Legend,Reggae,Summery,Relaxation,graceful,50.5193,79.0486,66.6025,65.0310,42.2360,Excitement
Territorial Pissings,Nirvana,Nevermind,Rock,Fierce,Excitement,bright,64.5977,84.0391,89.0919,58.0749,56.6245,Pleasure
Interstellar Overdrive,Pink Floyd,The Piper at the Gates of Dawn,Rock,Hypnotic,Arousal,exciting,50.8133,62.0175,58.2081,49.4590,51.9397,Pleasure
You Baby,Turtles,Happy Together: The Very Best of The Turtles,Rock,Sugary,Excitement,joyous,64.9057,84.2466,59.0944,70.0505,52.4128,Pleasure
Bombtrack,Rage Against The Machine,rage against the machine,Rock,Angry,Excitement,happy,53.2528,80.2797,22.8941,58.3088,61.8327,Arousal
Inertia Creeps,Massive Attack,Mezzanine,Electronica,Eerie,Arousal,dramatic,48.7042,70.3557,27.0964,48.8971,57.5453,Arousal
Loser,Beck,Loser,Rock,Ramshackle,Excitement,happy,58.8556,77.2467,28.6414,59.8075,56.1925,Displeasure
I Walk The Line,Johnny Cash,Legend (Box Set),Country,Organic,Excitement,cheerful,80.9623,82.2006,41.5213,57.6740,48.0263,Arousal
Political Science,Randy Newman,The Best of Randy Newman,Rock,Cynical,Depression,vigorous,49.4764,60.8833,43.8856,36.8242,52.2168,Displeasure
Unfinished sympathy,Massive Attack,Blue Lines,Electronica,Brooding,Sleepiness,dreamy,46.5614,75.7528,10.8887,53.3392,44.0225,Distress
Gone,The Black Crowes,Amorica,Rock,Greasy,Arousal,triumphant,62.4296,71.1243,72.4056,71.6512,60.9243,Pleasure
Piece Of My Heart,Janis Joplin,18 Essential Songs,Rock,Rowdy,Excitement,bright,57.1795,78.0899,75.9369,55.4758,50.3115,Depression
Longview,Green Day,Dookie,Rock,Raucous,Excitement,bright,71.4970,82.6568,69.7763,58.7453,55.5008,Arousal
Scenario,A Tribe Called Quest,The Low End Theory,Rap,Witty,Arousal,dramatic,43.5088,60.9309,38.7494,34.1704,67.8712,Displeasure
Heroes,David Bowie,Changesbowie,Rock,Sophisticated,Excitement,joyous,75.8763,76.4881,45.2169,72.0360,59.3723,Excitement
Bright Mississippi,Thelonious Monk Quartet,"Live at the Monterey Jazz Festival, 1963",Jazz,Sardonic,Displeasure,yearning,42.5933,66.0019,37.6419,45.0688,37.1668,Pleasure
Kiss Off,Violent Femmes,Violent Femmes,Rock,Ironic,Pleasure,playful,48.6804,79.6840,83.7013,59.2982,39.1725,Arousal
Uncle John's Band,Grateful Dead,The Best Of Skeletons From The Closet,Rock,Lazy,Excitement,cheerful,58.1984,79.4161,58.9950,56.2509,42.4238,Arousal
Paradise City,Guns N' Roses,Appetite For Destruction,Rock,Messy,Excitement,bright,69.0987,83.7139,92.9381,58.2972,55.9197,Pleasure
A B C,The Jackson 5,The Jackson Five's Greatest Hits,R&B,Carefree,Excitement,happy,60.7424,81.6949,33.9690,54.2617,65.1687,Pleasure
Head Like a Hole (slate),Nine Inch Nails,Head Like a Hole,Rock,Angry,Distress,restless,60.5525,71.8121,47.6269,48.1241,46.1583,Depression
Do You Believe In Magic,The Lovin' Spoonful,Greatest Hits,Rock,Happy,Arousal,dramatic,40.6250,72.8000,39.5994,48.3572,53.1127,Pleasure
Fire And Rain,James Taylor,Sweet Baby James,Rock,Warm,Distress,restless,51.2476,72.4599,69.6650,58.4300,38.3425,Excitement
Buddy Holly,Weezer,Weezer,Rock,Giddy,Excitement,happy,57.4338,90.4153,12.8825,64.0445,70.0342,Excitement
Cocoon,Björk,Vespertine,Rock,Delicate,Distress,angry,51.6464,67.3423,15.0411,49.3410,51.6362,Depression
"Please, Please, Please",James Brown,20 All-Time Greatest Hits!,R&B,Passionate,Distress,restless,56.1528,69.3957,43.6419,63.0306,45.8147,Pleasure
Black Coffee,Ella Fitzgerald,75th Birthday Celebration,Vocal,Calm,Distress,tense,53.7954,69.5024,36.2733,33.1039,36.1955,Depression
Stay (I Missed You),Lisa Loeb,The Very Best Of,Rock,Sweet,Excitement,happy,50.0818,78.0886,25.4684,49.6471,58.2325,Pleasure
Criminal,Fiona Apple,Tidal,Rock,Provocative,Depression,vigorous,36.0321,72.0588,86.3787,60.2983,63.1152,Relaxation
"You Think I Ain't Worth A Dollar, But I Feel Like A Millionaire",Queens Of The Stone Age,Songs For The Deaf,Rock,Crunchy,Depression,vigorous,48.1172,72.2359,74.6906,59.8325,63.5537,Arousal
A Day In The Life,The Beatles,1967-1970,Rock,Ambitious,Excitement,cheerful,50.7022,75.5140,70.6488,40.9990,40.8745,Arousal
"Get Up (I Feel Like Being A) Sex Machine, Pt. 1",James Brown,20 All-Time Greatest Hits!,R&B,Sexual,Arousal,exciting,50.3687,68.5990,42.6225,55.0827,60.9627,Excitement
(Everything I Do) I Do It For You,Bryan Adams,The Best Of Me,Rock,Sensual,Excitement,happy,65.9193,83.2524,16.2589,53.8773,54.4897,Arousal
Bat Out Of Hell,Meat Loaf,Meat Loaf ~ Bat Out Of Hell,Rock,Epic,Excitement,bright,65.8057,83.9823,80.7087,52.8561,52.4695,Arousal
Glad,Traffic,John Barleycorn Must Die,Rock,Freewheeling,Arousal,soaring,43.3167,64.5833,59.7969,66.2197,47.2305,Pleasure
The Thrill Is Gone,B.B. King,B. B. King Live in Cook County Jail,Blues,Mannered,Distress,agitated,38.0456,70.2791,42.0450,48.8425,46.1253,Pleasure
Kiss,Prince,"The Hits, The B-Sides",Rock,Sexy,Depression,majestic,58.3796,72.4963,10.1085,65.8427,49.5137,Pleasure
Harvest Moon,Neil Young,Harvest Moon,Rock,Autumnal,Excitement,cheerful,67.1982,84.6405,79.9450,48.3662,41.0942,Arousal
And It Stoned Me,Van Morrison,The Best Of Van Morrison,Rock,Warm,Excitement,bright,61.7198,82.7292,69.0044,54.9599,57.8980,Pleasure
Whiskey River,Willie Nelson,Revolution of Time: The Journey 1975-1993,Country,Meandering,Excitement,cheerful,67.0391,83.0861,98.1937,53.5082,43.2443,Depression
Heartbreaker,Led Zeppelin,Led Zeppelin II,Rock,Confident,Distress,restless,50.0000,74.6972,41.1562,38.6888,49.3095,Depression
Summer Babe,Pavement,Slanted and Enchanted,Rock,Fractured,Excitement,cheerful,65.5076,86.7391,96.8119,60.9819,48.6407,Arousal
Long Distance Runaround,Yes,Classic Yes,Rock,Dramatic,Distress,agitated,48.4680,71.2956,69.4437,59.5903,44.7805,Arousal
Cities on Flame With Rock and Roll,Blue Oyster Cult,The Best of - Don't Fear the Reaper,Rock,Snide,Excitement,joyous,54.3860,78.7597,84.8631,66.0310,64.7125,Pleasure
My Generation,The Who,My Generation (Deluxe Edition),Rock,Intense,Arousal,exciting,57.3795,72.8000,59.9994,44.6353,67.6392,Displeasure
"Cold Sweat, Pt. 1",James Brown,20 All-Time Greatest Hits!,R&B,Intense,Distress,angry,53.9100,69.6223,10.0661,57.1589,51.4157,Pleasure
Five To One,The Doors,Best Of The Doors,Rock,Nihilistic,Displeasure,yearning,29.9339,57.4341,30.2133,60.2936,35.0335,Distress
Teach Your Children,"Crosby, Stills, Nash & Young",Déjà Vu,Rock,Laid-Back,Excitement,cheerful,67.3522,77.5000,64.3975,40.3703,43.8845,Distress
You're Gonna Miss Me,The 13th Floor Elevators,The Psychedelic Sounds of the 13th Floor Elevators,Rock,Ominous,Excitement,cheerful,54.3321,81.8182,67.1756,60.9354,41.6733,Arousal
Highway 61 Revisited,Bob Dylan,Highway 61 Revisited,Rock,Witty,Relaxation,serene,55.7833,77.8008,23.0983,42.7699,48.3865,Distress
Explosivo ( Album Ver. ),Tenacious D,Tenacious D,Rock,Outrageous,Excitement,bright,63.6628,81.0127,92.5794,47.4801,57.9527,Pleasure
Djed,Tortoise,Millions Now Living Will Never Die,Rock,Restrained,Distress,agitated,45.3492,69.3333,48.7619,55.6567,48.9925,Pleasure
I'm Still In Love With You,Al Green,I'm Still In Love With You,R&B,Romantic,Arousal,soaring,45.6604,70.3922,94.4813,66.8834,49.2638,Pleasure
Black Math,The White Stripes,Elephant,Rock,Exciting,Excitement,bright,71.5839,93.2976,87.9363,58.1397,70.5488,Pleasure
Revolution,The Beatles,1967-1970,Rock,Difficult,Depression,vigorous,35.5263,63.9085,88.3325,40.2116,50.0782,Arousal
200 More Miles,Cowboy Junkies,The Trinity Sessions,Rock,Weary,Excitement,cheerful,66.3889,80.1688,42.1269,48.7327,22.0955,Distress
Happy Cycling,Boards of Canada,music has the right to children,Electronica,Cerebral,Displeasure,yearning,38.1903,55.6234,37.2647,53.9783,44.7015,Pleasure
Let's Build A Home,The White Stripes,De Stijl,Rock,Swaggering,Arousal,triumphant,56.7073,73.9003,77.7900,65.4508,67.3397,Distress
Show Biz Kids,Steely Dan,Countdown To Ecstasy,Rock,Cynical,Excitement,happy,50.4020,81.7391,12.5120,60.7900,56.9445,Arousal
I Am The Walrus,The Beatles,1967-1970,Rock,Eccentric,Depression,spiritual,57.8187,74.0032,81.7081,68.8568,44.8197,Displeasure
I Left Mty Heart In San Francisco,Tony Bennett,All-Time Greatest Hits,Vocal,Elegant,Distress,agitated,44.3182,61.7284,42.0450,12.2647,36.8127,Arousal
New Year's Day,U2,The Best Of 1980-1990,Rock,Plaintive,Arousal,sensational,49.0953,78.9298,58.0225,75.0319,63.4893,Excitement
It's Oh So Quiet,Björk,Post,Rock,Effervescent,Displeasure,yearning,46.8652,70.4724,28.4512,40.5881,37.0858,Depression
Killing In The Name,Rage Against The Machine,rage against the machine,Rock,Hostile,Excitement,bright,65.7524,79.5735,49.9325,52.7501,65.5317,Distress
All I Have to Do Is Dream,The Everly Brothers,Fabulous Style of the Everly,Rock,Sweet,Relaxation,serene,52.5773,79.3696,6.9800,42.0832,41.7967,Displeasure
Let's Go Crazy,Prince,Purple Rain,Rock,Bright,Excitement,happy,57.7283,80.1681,36.1594,48.7355,52.0363,Arousal
Dazed and Confused,Led Zeppelin,Led Zeppelin I,Rock,Meandering,Depression,vigorous,49.9683,71.8530,71.1306,35.1603,51.0530,Pleasure
Building a Mystery,Sarah McLachlan,Surfacing,Rock,Refined,Excitement,happy,55.2212,82.7027,25.4684,46.3109,60.4645,Displeasure
Strangers In The Night,Frank Sinatra,Best Of,Vocal,Nocturnal,Displeasure,yearning,45.8848,69.1542,22.6164,21.9379,46.2433,Arousal
Don't Stop 'Til You Get Enough,Michael Jackson,History,R&B,Sparkling,Arousal,exciting,54.6371,73.4177,49.1869,48.8813,69.9557,Arousal
White Rabbit,Jefferson Airplane,Surrealistic Pillow,Rock,Druggy,Distress,tense,53.3170,69.1525,39.9050,60.4204,23.4685,Displeasure
Fake Plastics Trees,Radiohead,The Bends,Rock,Gloomy,Excitement,cheerful,59.8309,79.3210,54.1475,39.8363,46.3462,Distress
Born On The Bayou,Creedence Clearwater Revival,The Best Of Creedence Clearwater Revival,Rock,Greasy,Depression,spiritual,66.6667,69.1869,45.5581,65.4984,35.4877,Displeasure
Debaser,Pixies,Doolittle,Rock,Anxious,Excitement,cheerful,69.6565,87.3156,59.2938,63.2908,48.0482,Pleasure
Dael,Autechre,Tri Repetae++,Electronica,Wintry,Excitement,happy,56.0516,75.1734,30.9554,53.9700,58.4185,Pleasure
Jerry Was A Racecar Driver,Primus,Sailing the Seas of Cheese,Rock,Humorous,Distress,agitated,49.3534,62.6039,51.9044,48.0680,47.4800,Pleasure
Nightrain,Guns N' Roses,Appetite For Destruction,Rock,Trashy,Excitement,joyous,63.0409,90.9894,68.1369,67.3859,60.2710,Displeasure
Orinoco Flow,Enya,Watermark,New Age,Soothing,Relaxation,serene,72.7848,88.2979,10.9728,54.8962,37.3402,Excitement
"Baby, What You Want Me to Do",Jimmy Reed,Boss Man: Best of Jimmy Reed,Blues,Sparse,Distress,agitated,45.0758,73.0667,61.5844,54.7468,46.8838,Pleasure
Blue Jay Way,The Beatles,Magical Mystery Tour,Rock,Dreamy,Excitement,cheerful,50.1639,75.7062,84.2994,36.0449,39.6087,Distress
Reza,Jaco Pastorius,Heavy'n Jazz,Jazz,Knotty,Distress,agitated,49.8166,73.8048,54.1094,52.1235,36.0467,Pleasure
Yesterday,The Beatles,1,Rock,Yearning,Distress,agitated,47.6608,72.0930,85.1575,29.9755,34.2925,Arousal
Army Of Me,Björk,Post,Rock,Quirky,Depression,vigorous,46.0141,71.0383,80.7431,42.3086,56.8888,Pleasure
Nuthin But a G Thang,Dr. Dre,The Chronic,Rap,Thuggish,Arousal,dramatic,33.7995,73.0392,34.1781,53.1302,58.9948,Pleasure
Say Yes,Elliott Smith,Good Will Hunting,Rock,Yearning,Distress,restless,53.1250,74.4027,69.9994,43.2264,38.7925,Relaxation
What You Need,INXS,The Years 1979-1997,Rock,Stylish,Excitement,happy,59.0980,76.0349,11.5731,44.4061,67.3368,Distress
Garageland,The Clash,The Clash,Rock,Gutsy,Excitement,joyous,62.0329,76.2419,77.2387,65.8050,60.8522,Arousal
Digging Your Scene,The Blow Monkeys,Atomic Lullabies,Rock,Smooth,Arousal,dramatic,42.2445,71.8137,39.5994,54.3101,58.4390,Arousal
Celebration,Kool & the Gang,The Best Of,R&B,Joyous,Depression,solemn,70.6872,85.4545,13.2127,65.0748,53.3418,Arousal
Last Goodbye,Jeff Buckley,Grace,Rock,Poignant,Excitement,happy,59.0444,77.9904,29.3957,56.6175,53.4490,Excitement
Pennyroyal Tea,Nirvana,In Utero,Rock,Unsettling,Excitement,bright,51.8047,79.5918,46.1119,57.4624,52.1013,Distress
Xtal,Aphex Twin,Selected Ambient Works 85-92,Electronica,Peaceful,Excitement,happy,60.7186,83.2381,28.7051,60.0299,50.2227,Pleasure
All You Need Is Love,The Beatles,1967-1970,Rock,Stately,Distress,tense,57.5000,73.4155,39.6806,64.2479,45.6930,Distress
Not Dark Yet,Bob Dylan,Time Out of Mind,Rock,Somber,Excitement,cheerful,67.4699,78.6667,49.9325,38.7414,43.5078,Depression
Astronomy Domine,Pink Floyd,Echoes: The Best of Pink Floyd,Rock,Druggy,Excitement,cheerful,52.6860,77.4278,52.3650,62.5777,44.0335,Excitement
autumn acid,µ-Ziq,Royal Astronomy,Electronica,Hypnotic,Depression,vigorous,47.7497,67.8771,50.9100,50.7531,59.2978,Pleasure
Are You Gonna Go My Way,Lenny Kravitz,Are You Gonna Go My Way,Rock,Confident,Excitement,bright,61.7729,81.9706,55.1769,63.5234,52.1155,Pleasure
Black Hole Sun,Soundgarden,Superunknown,Rock,Ominous,Excitement,bright,51.7127,77.3196,41.2362,63.1603,56.3998,Displeasure
I Can't Tell You Why,Eagles,Eagles - Greatest Hits Volume 2,Rock,Soft,Sleepiness,dreamy,40.9556,77.4194,28.1516,63.3445,33.3087,Excitement
Hurt,Nine Inch Nails,The Downward Spiral,Rock,Distraught,Distress,agitated,46.3609,71.5847,51.5400,41.0498,39.6542,Depression
Rock N Roll,Mos Def,Black On Both Sides,Rap,Confrontational,Arousal,dramatic,42.4169,67.1858,5.3641,50.9046,65.8553,Displeasure
Got Me Wrong,Alice In Chains,Sap,Rock,Menacing,Excitement,joyous,59.5622,83.9931,80.3256,69.2064,69.2567,Distress
Marquee Moon,Television,Marquee Moon,Rock,Ambitious,Arousal,soaring,41.9780,72.0000,48.5012,71.3725,49.5928,Excitement
Aneurysm,Nirvana,From The Muddy Banks of the Wishkah,Rock,Reckless,Excitement,joyous,62.6519,77.0739,61.9763,66.6056,70.1188,Pleasure
Jump,Kris Kross,Totally Krossed Out,Rap,Rambunctious,Sleepiness,sentimental,42.4961,77.8291,38.8263,53.6942,53.3157,Excitement
Chapagne and reefer,Muddy Waters,Live,Blues,Hedonistic,Depression,heavy,51.4085,74.2656,38.6262,66.8700,55.4785,Arousal
Honky Tonk Heroes,Waylon Jennings,Only Daddy That'll Walk the Line: The RCA Years,Country,Gutsy,Excitement,happy,58.7021,79.8715,39.9050,62.5809,53.2623,Excitement
Paranoid Android,Radiohead,OK Computer,Rock,Eerie,Depression,vigorous,49.2589,73.7460,52.7863,51.1859,58.1492,Distress
Bird dog,The Everly Brothers,The very best,Rock,Innocent,Relaxation,serene,58.8486,75.8721,19.1149,56.6697,46.9678,Distress
Aurora,Björk,Vespertine,Rock,Elaborate,Depression,vigorous,49.8698,70.8098,46.0294,49.9677,57.6213,Distress
Hell Is Around the Corner,Tricky,Maxinquaye,Electronica,Malevolent,Arousal,dramatic,35.5556,63.9189,12.6501,39.2838,53.2843,Pleasure
Giant Steps,John Coltrane,Giant Steps,Jazz,Urgent,Pleasure,playful,46.6863,77.3620,65.8787,53.3962,43.8157,Pleasure
Anarchy in the UK,Sex Pistols,Never Mind the Bolloks,Rock,Malevolent,Excitement,joyous,67.6286,95.4545,59.5950,67.9609,61.0757,Distress
Hotel Yorba,The White Stripes,White Blood Cells,Rock,Gleeful,Excitement,joyous,72.0930,85.2564,92.7600,67.2309,73.3883,Arousal
Boogie Chillen,John Lee Hooker,The Best Of Freinds,Blues,Gritty,Depression,vigorous,47.4551,72.9911,68.8950,53.0234,60.7035,Arousal
B-Boy Boullabaisse,Beastie Boys,Paul's Boutique,Rap,Sprawling,Displeasure,yearning,39.7287,70.3463,39.1469,49.9790,41.8975,Pleasure
Hot for Teacher,Van Halen,1984,Rock,Sleazy,Excitement,cheerful,54.9360,83.8802,53.5975,53.1580,38.5760,Pleasure
Underground,Tom Waits,Beautiful Maladies: The Island Years,Rock,Fractured,Depression,sad,46.7213,69.5444,24.3997,70.3213,39.4898,Displeasure
Freddie's Dead,Curtis Mayfield,Superfly: Deluxe 25th Anniversary Edition,R&B,Street-Smart,Sleepiness,sentimental,35.1815,77.6657,32.8783,44.2629,64.3518,Displeasure
Crazy Love,Van Morrison,Moondance,Rock,Romantic,Excitement,bright,56.9620,81.7439,76.8800,50.1319,54.3558,Pleasure
Walking Wounded,Everything But The Girl,Walking Wounded,Rock,Melancholy,Arousal,dramatic,31.4039,69.7393,23.9391,57.2209,55.6837,Pleasure
Isn't She Lovely,Stevie Wonder,Songs In The Key Of Life,R&B,Bright,Arousal,exhilarated,42.2619,74.6812,86.3787,75.0244,60.9912,Pleasure
Everyday people,Sly & The Family Stone,Greatest Hits [Epic],R&B,Summery,Relaxation,serene,62.5616,94.2308,10.8887,63.7752,43.0142,Pleasure
Return to Innocence,Enigma,The Cross of Changes,New Age,Indulgent,Pleasure,humorous,37.4570,77.6382,48.0681,44.0269,52.3102,Distress
I Got You (I Feel Good),James Brown,20 All-Time Greatest Hits!,R&B,Energetic,Depression,vigorous,46.4244,60.3524,64.3975,55.0484,59.6040,Pleasure
So What'cha Want,Beastie Boys,Check Your Head,Rap,Raucous,Arousal,dramatic,46.9512,72.8244,28.6414,57.8442,60.2867,Excitement
21st Century Schizoid Man (including Mirrors),King Crimson,In the Court of the Crimson King: An Observation by King Crimson,Rock,Complex,Distress,agitated,43.4860,72.3982,59.4944,31.2200,44.4003,Pleasure
Give It Away,Red Hot Chili Peppers,Blood Sugar Sex Magik,Rock,Boisterous,Pleasure,humorous,47.0774,77.2368,89.6737,62.7681,54.8212,Pleasure
Undone (The Sweater Song),Weezer,Weezer,Rock,Searching,Arousal,exciting,62.9454,69.8541,74.8962,56.4888,62.3533,Excitement
Scentless Apprentice,Nirvana,In Utero,Rock,Fierce,Displeasure,tragic,26.2918,68.2018,28.8330,65.3497,58.2277,Arousal
I Left My Wallet in El Segundo,A Tribe Called Quest,Peoples Instinctive Travels and The Paths Of Rhythm,Rap,Amiable,Displeasure,yearning,38.0645,65.1862,37.1150,42.8822,43.5780,Arousal
Truckin',Grateful Dead,The Best Of Skeletons From The Closet,Rock,Relaxed,Arousal,soaring,47.4907,69.6493,94.0600,66.8342,43.8223,Pleasure
1000 Umbrellas,XTC,Skylarking (remastered),Rock,Bitter,Arousal,exciting,52.0000,60.2184,82.5381,48.0892,62.0793,Distress
In A Sentimental Mood,Duke Ellington,16 Most Requested Songs,Jazz,Elegant,Distress,agitated,44.5851,65.8940,82.0288,26.5569,46.0745,Displeasure
Tommy The Cat (Live),Primus,Rhinoplasty,Rock,Silly,Depression,vigorous,46.3868,66.3755,57.3781,43.5826,63.7715,Depression
Whole Lotta Love,Led Zeppelin,"Early Days: Best Of Led Zeppelin, Vol. 1",Rock,Fiery,Excitement,cheerful,50.2841,79.1105,84.6831,59.4250,46.7428,Pleasure
Miss Modular,Stereolab,Dots And Loops,Rock,Circular,Depression,vigorous,27.5490,73.7052,45.2169,55.2961,56.4483,Pleasure
Are You Experienced,Jimi Hendrix,Are You Experienced,Rock,Bravado,Arousal,exciting,53.5099,72.5314,76.9994,41.1222,53.9050,Distress
God Bless The Child,Billie Holiday,The Best Of,Vocal,Poignant,Displeasure,yearning,44.2460,63.1265,38.2500,24.1051,38.9888,Arousal
Eight Days a week,The Beatles,1,Rock,Happy,Excitement,happy,50.4000,82.2857,18.1187,50.1905,63.9227,Arousal
Idioteque,Radiohead,Kid A,Rock,Suffocating,Distress,angry,56.2253,74.2075,17.9916,55.2120,63.2010,Arousal
Grass,XTC,Skylarking (remastered),Rock,Springlike,Distress,angry,61.1200,69.5946,38.5219,62.6543,55.6632,Arousal
Here Comes the Flood,Peter Gabriel,Shaking the Tree: Sixteen Golden Greats,Rock,Enigmatic,Distress,agitated,47.5385,73.1801,55.6538,35.6948,31.8082,Excitement
Sweet Thing,Van Morrison,Astral Weeks,Rock,Pastoral,Excitement,cheerful,58.4570,76.2009,84.0450,56.3791,41.1732,Excitement
Been Caught Stealing,Jane's Addiction,Tenth Anniversary: Ongoing History of New Music,Rock,Volatile,Excitement,happy,63.4945,83.1522,39.5994,51.9147,61.7653,Excitement
If You Could Read My Mind,Gordon Lightfoot,Country Collection,Rock,Gentle,Distress,restless,64.6512,70.5128,51.1788,63.3400,44.1588,Pleasure
Another Brick In The Wall (Part 1),Pink Floyd,The Wall,Rock,Bitter,Distress,restless,51.9459,73.9726,72.8781,32.9190,26.0308,Distress
I Will Follow,U2,Greatest Hits,Rock,Passionate,Excitement,joyous,60.8871,87.6652,72.0550,66.2801,61.2642,Arousal
Aftermath,Tricky,Maxinquaye,Electronica,Cold,Arousal,dramatic,29.0101,63.3094,0.2343,64.3657,53.3968,Distress
Ballad of a Thin Man,Bob Dylan,Highway 61 Revisited,Rock,Acerbic,Arousal,dramatic,42.7928,70.1900,34.6566,30.9353,51.5312,Arousal
Suzanne,Leonard Cohen,More Best of Leonard Cohen,Rock,Sad,Excitement,cheerful,57.3059,79.6178,50.9994,18.5042,38.3175,Arousal
Closer,Nine Inch Nails,The Downward Spiral,Rock,Cathartic,Arousal,dramatic,39.8526,56.1047,31.1736,61.0613,62.0708,Distress
Don't Eat The Yellow Snow (single version),Frank Zappa,Strictly Commercial,Rock,Irreverent,Distress,agitated,49.9484,70.6122,60.8837,45.9678,45.0258,Distress
Any Day Now,Elvis Presley,From Elvis In Memphis,Rock,Lush,Pleasure,playful,45.3725,79.0850,50.9100,55.8678,40.5630,Depression
Bird On The Wire,Leonard Cohen,Songs From A Room,Rock,Austere,Excitement,cheerful,71.9388,85.7143,47.0444,22.7075,18.7788,Distress
Where The Streets Have No Name,U2,THE JOSHUA TREE,Rock,Earnest,Excitement,cheerful,61.5152,78.9352,53.0831,46.5120,44.6787,Arousal
Bohemian Rhapsody,Queen,Classic Queen,Rock,Campy,Excitement,cheerful,56.9267,76.2259,62.9169,55.4525,42.7805,Depression
Welcome To The Jungle,Guns N' Roses,Appetite For Destruction,Rock,Manic,Excitement,bright,65.5440,86.0194,51.9919,60.2814,57.0518,Distress
Sour Times,Portishead,Dummy,Rock,Brooding,Depression,vigorous,42.8074,65.5523,92.3850,55.1944,64.5245,Distress
Teen Age Riot,Sonic Youth,Daydream Nation,Rock,Cathartic,Excitement,joyous,61.6822,75.5605,72.5238,68.8628,55.8305,Arousal
Every Day (I Have the Blues),B.B. King,B. B. King Live in Cook County Jail,Blues,Rollicking,Displeasure,yearning,32.3077,60.1523,38.5669,51.8734,49.0837,Distress
Exit Music (For A Film),Radiohead,OK Computer,Rock,Nocturnal,Distress,agitated,49.6914,72.8953,51.0469,16.6537,49.9248,Pleasure
Boogie Woogie Bugle Boy,Bette Midler,Greatest Hits,Vocal,Brassy,Displeasure,yearning,47.8120,72.8090,35.1113,59.1957,48.3052,Excitement
L.A.S.I.K.,Matmos,A Chance to Cut Is a Chance to Cure,Rock,Clinical,Distress,restless,50.0924,61.3692,59.1938,50.1060,46.3345,Pleasure
Where It's At,Beck,Odelay,Rock,Quirky,Distress,angry,51.7371,70.7317,5.3951,57.1501,63.5422,Pleasure
1941,Harry Nilsson,All Time Greatest Hits,Rock,Literate,Distress,tense,63.2509,73.3491,39.5281,42.0725,44.0768,Pleasure
The Unforgettable Fire,U2,The Unforgettable Fire,Rock,Hungry,Pleasure,playful,42.4552,76.3110,59.9994,45.4275,45.4152,Distress
Glory Box,Portishead,Dummy,Rock,Gloomy,Depression,vigorous,42.1007,65.6943,48.4087,40.8341,61.2365,Depression
The Love You Save,The Jackson 5,The Jackson Five's Greatest Hits,R&B,Naive,Arousal,exhilarated,46.4100,74.8538,45.7156,65.2073,67.5078,Distress
It's Only Love,The Beatles,Rubber Soul,Rock,Autumnal,Excitement,joyous,62.0567,83.2461,46.7775,66.3006,52.7750,Displeasure
Flow Coma,808 State,Newbuild,Electronica,Wintry,Depression,vigorous,48.3953,71.4092,49.6262,54.3308,55.6012,Pleasure
Redemption Song,Bob Marley,Legend,Reggae,Spiritual,Excitement,cheerful,59.4431,82.8014,46.7775,48.9163,35.9252,Excitement
Heart Shaped Box,Nirvana,In Utero,Rock,Acerbic,Excitement,happy,51.1139,75.6052,38.2956,64.8499,56.5118,Distress
Sexual Healing,Marvin Gaye,Soul Train (Hall of Fame): 20th Anniversary,R&B,Sentimental,Relaxation,serene,51.1468,79.9035,34.6719,59.5470,40.1550,Pleasure
one more time,Daft Punk,Discovery,Electronica,Party,Excitement,happy,56.6451,83.9308,13.4521,45.9252,57.6540,Pleasure
Walk This Way,Aerosmith,Toys in the Attic,Rock,Sleazy,Excitement,cheerful,52.4631,79.8903,42.2912,62.4490,45.8028,Pleasure
I Get Around,The Beach Boys,Endless Summer,Rock,Carefree,Excitement,cheerful,51.6484,78.4722,65.5600,56.4539,40.2007,Distress
5D (Fifth Dimension),The Byrds,Byrds Original Singles 1965-1967 - Volume 1,Rock,Spacey,Excitement,joyous,67.4863,88.2096,84.2438,67.0753,50.6493,Pleasure
You've Been Flirting Again,Björk,Post,Rock,Bittersweet,Distress,restless,58.4184,71.1039,52.9250,13.9496,23.0532,Arousal
Sweet Dreams (Are Made of This),Eurythmics,Electric Dreams,Rock,Austere,Relaxation,tender,43.1772,82.7397,53.7800,65.7379,49.8090,Displeasure
Break On Through,The Doors,Best Of The Doors,Rock,Reckless,Displeasure,yearning,46.6165,68.3938,32.6782,47.4748,32.5410,Excitement
Push It,Salt-N-Pepa,Hot Cool Vicious,Rap,Sexual,Arousal,dramatic,46.8227,72.6718,14.8529,61.7627,53.3720,Depression
Animal chin,Jaga Jazzist,A livingroom hush,Jazz,Knotty,Excitement,happy,55.5556,76.4895,31.6321,46.7781,60.6762,Pleasure
Your Song,Elton John,Greatest Hits 1970-2002,Rock,Lush,Excitement,cheerful,51.7529,76.6900,54.5187,46.9612,48.2720,Displeasure
Everybody Hurts,R.E.M.,Automatic For The People,Rock,Restrained,Excitement,happy,68.8787,89.2734,34.2295,35.2600,52.2517,Arousal
Back In NYC,Genesis,The Lamb Lies Down On Broadway,Rock,Spooky,Excitement,cheerful,59.4005,80.3622,53.7800,59.2717,45.5483,Pleasure
Like A Virgin,Madonna,The Immaculate Collection,Rock,Provocative,Arousal,sensational,46.9512,77.9359,49.1181,68.8688,59.3938,Depression
Need You Tonight,INXS,Kick,Rock,Self-Conscious,Excitement,cheerful,54.9133,81.8182,42.2912,53.0302,43.5220,Arousal
While You See A Chance,Steve Winwood,Arc Of A Diver,Rock,Smooth,Excitement,happy,50.1911,75.9425,15.3748,61.5657,51.1242,Depression
Blister in the Sun,Violent Femmes,Violent Femmes,Rock,Bleak,Distress,agitated,49.0099,61.4428,94.6287,54.9209,37.3953,Pleasure
Rhinoceros,Smashing Pumpkins,Lull,Rock,Sprawling,Excitement,cheerful,63.0435,82.2394,66.4144,61.3208,44.5257,Distress
Creeque Alley,The Mamas & The Papas,Greatest Hits,Rock,Good-Natured,Arousal,exciting,55.1832,64.1677,65.5600,56.9981,52.5988,Pleasure
I Can't Get No Satisfaction,The Rolling Stones,Hot Rocks 1964-1971,Rock,Rebellious,Relaxation,serene,59.0508,86.7133,17.6951,61.5899,43.0628,Pleasure
Subterranean Homesick Blues,Bob Dylan,Greatest Hits,Rock,Irreverent,Excitement,bright,60.0289,92.4528,82.5381,54.6431,57.7800,Arousal
Knives Out,Radiohead,Amnesiac,Rock,Insular,Depression,vigorous,43.5414,69.3916,60.7850,64.0838,65.1838,Distress
Hysteria,Def Leppard,Best Of,Rock,Slick,Depression,solemn,71.0145,82.2222,8.6044,67.2877,59.4683,Arousal
Kelly Watch the Stars,Air,Moon Safari,Electronica,Ethereal,Excitement,bright,54.6196,85.7143,42.2912,53.3906,60.7803,Pleasure
You and Whose Army??,Radiohead,Amnesiac,Rock,Cold,Pleasure,humorous,48.8017,77.1186,60.9244,44.8402,56.8977,Arousal
Exodus,Bob Marley,Legend,Reggae,Spiritual,Displeasure,yearning,46.5185,70.1380,16.6528,57.3946,44.6698,Distress
Cant Get You Out Of My Head,Kylie Minogue,Cant Get You Out Of My Head,Rock,Sparkling,Arousal,sensational,33.7662,88.8469,53.7800,67.0425,62.1375,Distress
Sugar Mountain,Neil Young,Decade,Rock,Intimate,Excitement,cheerful,61.2817,81.2641,78.4231,35.3722,24.0700,Pleasure
"Metal Machine Music, Pt. 1",Lou Reed,Metal Machine Music,Rock,Difficult,Distress,restless,55.4194,71.6330,67.4000,18.4091,44.9673,Pleasure
Kashmir,Led Zeppelin,"Latter Days: Best Of Led Zeppelin, Vol.2",Rock,Theatrical,Sleepiness,sentimental,46.5708,76.9534,25.5316,54.5017,51.7598,Pleasure
I Won't Back Down,Tom Petty & The Heartbreakers,Greatest Hits,Rock,Uncompromising,Excitement,joyous,63.3570,89.2193,46.1944,71.5636,56.1882,Pleasure
Hey Ladies,Beastie Boys,Paul's Boutique,Rap,Humorous,Displeasure,yearning,40.8100,59.8527,38.4062,59.6914,44.1547,Depression
Wish,Nine Inch Nails,Broken,Rock,Harsh,Excitement,bright,58.6826,88.3212,59.6956,57.9237,62.0250,Pleasure
Psycho Killer,Talking Heads,Stop Making Sense,Rock,Brittle,Excitement,joyous,61.2022,77.0335,51.9044,78.4523,52.4095,Arousal
Dirrty,Christina Aguilera,Stripped,Rock,Trashy,Sleepiness,sentimental,44.0784,79.0823,37.4906,53.2338,60.9473,Arousal
Moonshadow,Cat Stevens,The Very Best of Cat Stevens,Rock,Gentle,Excitement,cheerful,70.4846,81.4465,56.3306,61.5322,37.3777,Excitement
Deceptacon,Le Tigre,Le Tigre,Rock,Confrontational,Excitement,happy,55.8528,76.0532,25.4684,63.4860,73.7772,Pleasure
Strawberry Wine,The Band,Stage Fright,Rock,Ramshackle,Depression,spiritual,56.0606,72.3447,52.4575,70.4170,39.8003,Arousal
California Love,2Pac,Greatest Hits,Rap,Celebratory,Excitement,happy,54.0107,88.5863,32.5412,51.9837,74.0295,Displeasure
Basket Case,Green Day,Dookie,Rock,Brash,Excitement,joyous,67.9435,90.9385,84.2994,65.8046,62.7393,Pleasure
